{"BR": {"BR_id": "342", "BR_author": "zzy444626905", "BRopenT": "2020-07-10T02:42:37Z", "BRcloseT": "2020-07-10T07:11:56Z", "BR_text": {"BRsummary": "Docker Error: git@github.com: Permission denied (publickey)", "BRdescription": "\n root@d3a977aadcec:/usr/src/app# python train.py --data coco.yaml --cfg yolov5s.yaml --weights '' --batch-size 64\n Warning: Permanently added the RSA host key for IP address '13.236.229.21' to the list of known hosts.\n <denchmark-link:mailto:git@github.com>git@github.com</denchmark-link>\n : Permission denied (publickey).\n fatal: Could not read from remote repository.\n Please make sure you have the correct access rights\n and the repository exists.\n Traceback (most recent call last):\n File \"train.py\", line 360, in \n check_git_status()\n File \"/usr/src/app/utils/utils.py\", line 49, in check_git_status\n s = subprocess.check_output('if [ -d .git ]; then git fetch && git status -uno; fi', shell=True).decode('utf-8')\n File \"/opt/conda/lib/python3.6/subprocess.py\", line 356, in check_output\n **kwargs).stdout\n File \"/opt/conda/lib/python3.6/subprocess.py\", line 438, in run\n output=stdout, stderr=stderr)\n subprocess.CalledProcessError: Command 'if [ -d .git ]; then git fetch && git status -uno; fi' returned non-zero exit status 128.\n \t"}, "comments": {"comments_0": {"comment_id": 1, "comment_author": "zzy444626905", "commentT": "2020-07-10T04:14:30Z", "comment_text": "\n \t\tThis is checking the status of your code to see if it  is up to date with the repository master.\n Are you running this from a computer with restricted internet access?\n \t\t"}, "comments_1": {"comment_id": 2, "comment_author": "zzy444626905", "commentT": "2020-07-10T06:50:32Z", "comment_text": "\n \t\tI see this error now as well when running docker. It seems to be a failure to connect to github:\n <denchmark-link:https://docs.github.com/en/github/authenticating-to-github/error-permission-denied-publickey>https://docs.github.com/en/github/authenticating-to-github/error-permission-denied-publickey</denchmark-link>\n \n \t\t"}, "comments_2": {"comment_id": 3, "comment_author": "zzy444626905", "commentT": "2020-07-10T07:13:22Z", "comment_text": "\n \t\t<denchmark-link:https://github.com/zzy444626905>@zzy444626905</denchmark-link>\n  I was not able to fix this, so I added some logic to avoid running this command from within docker containers.\n Docker autobuild is connected to this repo, so if you wait about 10 minutes after this message posts a new yolov5:latest image should automatically be published. Can you retry your command then?\n \t\t"}}}, "commit": {"commit_id": "1531795f5e9a07dff0d6c143c26fee4e0ebfe20d", "commit_author": "Glenn Jocher", "commitT": "2020-07-10 00:11:50-07:00", "changed_files": {"file_0": {"file_change_type": "MODIFY", "file_Nmethod": 1, "file_old_name": "utils\\utils.py", "file_new_name": "utils\\utils.py", "hunks": {"hunk_0": {"Ismethod": 1, "added_lines": "48", "deleted_lines": "48", "method_info": {"method_name": "check_git_status", "method_params": "", "method_startline": "46", "method_endline": "51"}}}}}}}