{"BR": {"BR_id": "140", "BR_author": "jitunayak", "BRopenT": "2020-06-19T21:55:42Z", "BRcloseT": "2020-06-26T00:53:03Z", "BR_text": {"BRsummary": "NotImplementedError: Got &lt;class 'NoneType'&gt;, but numpy array, torch tensor, or caffe2 blob name are expected.", "BRdescription": "\n <denchmark-link:https://user-images.githubusercontent.com/35754866/85182234-b12bb100-b2a5-11ea-960d-08ac8c601170.png></denchmark-link>\n \n \n Before submitting a bug report, please be aware that your issue **must be reproducible** with all of the following, otherwise it is non-actionable, and we can not help you:\n  - **Current repository**: run `git fetch && git status -uno` to check and `git pull` to update your repo\n  - **Common dataset**: coco.yaml or coco128.yaml\n  - **Common environment**: Colab, Google Cloud, or Docker image. See https://github.com/ultralytics/yolov5#reproduce-our-environment\n \n If this is a custom dataset/training question you must include your train*.jpg, test*.jpg and results.png figures, or we can not help you. You can generate results.png with utils.plot_results().\n <denchmark-h:h2>\ud83d\udc1b Bug</denchmark-h>\n \n A clear and concise description of what the bug is.\n <denchmark-h:h2>To Reproduce (REQUIRED)</denchmark-h>\n \n Input:\n <denchmark-code>import torch\n \n a = torch.tensor([5])\n c = a / 0\n </denchmark-code>\n \n Output:\n <denchmark-code>Traceback (most recent call last):\n   File \"/Users/glennjocher/opt/anaconda3/envs/env1/lib/python3.7/site-packages/IPython/core/interactiveshell.py\", line 3331, in run_code\n     exec(code_obj, self.user_global_ns, self.user_ns)\n   File \"<ipython-input-5-be04c762b799>\", line 5, in <module>\n     c = a / 0\n RuntimeError: ZeroDivisionError\n </denchmark-code>\n \n <denchmark-h:h2>Expected behavior</denchmark-h>\n \n A clear and concise description of what you expected to happen.\n <denchmark-h:h2>Environment</denchmark-h>\n \n If applicable, add screenshots to help explain your problem.\n \n OS: [e.g. Ubuntu]\n GPU [e.g. 2080 Ti]\n \n <denchmark-h:h2>Additional context</denchmark-h>\n \n Add any other context about the problem here.\n \t"}, "comments": {"comments_0": {"comment_id": 1, "comment_author": "jitunayak", "commentT": "2020-06-19T21:56:21Z", "comment_text": "\n \t\tHello <denchmark-link:https://github.com/jitunayak>@jitunayak</denchmark-link>\n , thank you for your interest in our work! Please visit our <denchmark-link:https://github.com/ultralytics/yolov5/wiki/Train-Custom-Data>Custom Training Tutorial</denchmark-link>\n  to get started, and see our <denchmark-link:https://github.com/ultralytics/yolov5/blob/master/tutorial.ipynb>Jupyter Notebook</denchmark-link>\n  <denchmark-link:https://colab.research.google.com/github/ultralytics/yolov5/blob/master/tutorial.ipynb></denchmark-link>\n , <denchmark-link:https://hub.docker.com/r/ultralytics/yolov5>Docker Image</denchmark-link>\n , and <denchmark-link:https://github.com/ultralytics/yolov5/wiki/GCP-Quickstart>Google Cloud Quickstart Guide</denchmark-link>\n  for example environments.\n If this is a bug report, please provide screenshots and minimum viable code to reproduce your issue, otherwise we can not help you.\n If this is a custom model or data training question, please note that Ultralytics does not provide free personal support. As a leader in vision ML and AI, we do offer professional consulting, from simple expert advice up to delivery of fully customized, end-to-end production solutions for our clients, such as:\n \n Cloud-based AI systems operating on hundreds of HD video streams in realtime.\n Edge AI integrated into custom iOS and Android apps for realtime 30 FPS video inference.\n Custom data training, hyperparameter evolution, and model exportation to any destination.\n \n For more information please visit <denchmark-link:https://www.ultralytics.com>https://www.ultralytics.com</denchmark-link>\n .\n \t\t"}, "comments_1": {"comment_id": 2, "comment_author": "jitunayak", "commentT": "2020-06-19T23:08:21Z", "comment_text": "\n \t\t<denchmark-link:https://github.com/jitunayak>@jitunayak</denchmark-link>\n  if you do not include exact code to reproduce, there is nothing for us to do, and your issue is non-actionable.\n \t\t"}, "comments_2": {"comment_id": 3, "comment_author": "jitunayak", "commentT": "2020-06-21T00:43:48Z", "comment_text": "\n \t\t<denchmark-link:https://github.com/jitunayak>@jitunayak</denchmark-link>\n  <denchmark-link:https://github.com/glenn-jocher>@glenn-jocher</denchmark-link>\n  This problem is caused by TensorBoard. PyTorch official has solved this problem.\n run\n pip install -q https://s3.amazonaws.com/ossci-linux/wheels/tensorboard-1.14.0a0-py3-none-any.whl --user\n More details see: <denchmark-link:https://github.com/pytorch/pytorch/pull/16196>pytorch/pytorch#16196</denchmark-link>\n  and <denchmark-link:https://github.com/pytorch/pytorch/commit/98e312cf96f6a5e23933cd8794097063ee3cbc8c>pytorch/pytorch@98e312c</denchmark-link>\n \n \t\t"}, "comments_3": {"comment_id": 4, "comment_author": "jitunayak", "commentT": "2020-06-25T23:21:31Z", "comment_text": "\n \t\t<denchmark-link:https://github.com/jitunayak>@jitunayak</denchmark-link>\n  How big was your dataset relative to your batch size? I was able to reproduce your error with a dataset that contained fewer images than my batch size.\n Decreasing the batch size to be smaller than your training dataset size may resolve your issue. e.g.:\n !python train.py --img 416 --batch 2 --epochs 300 --data '../data.yaml' --cfg ./models/custom_yolov5s.yaml --weights '' --name yolov5s_results --nosave --cache\n \t\t"}, "comments_4": {"comment_id": 5, "comment_author": "jitunayak", "commentT": "2020-06-26T00:37:24Z", "comment_text": "\n \t\t<denchmark-link:https://github.com/josephofiowa>@josephofiowa</denchmark-link>\n  ah, interesting. There is actually existing code to check for this use case and adjust the batch size accordingly, but I have not tested it in a while. I'll try to reproduce.\n \n \n \t\t"}, "comments_5": {"comment_id": 6, "comment_author": "jitunayak", "commentT": "2020-06-26T00:55:49Z", "comment_text": "\n \t\t<denchmark-link:https://github.com/jitunayak>@jitunayak</denchmark-link>\n  <denchmark-link:https://github.com/Lornatang>@Lornatang</denchmark-link>\n  <denchmark-link:https://github.com/josephofiowa>@josephofiowa</denchmark-link>\n  I was able to reproduce the error myself using the following notebook command:\n \n I found the problem was produced by plotting code for the first 3 batches, which was glitching since these small datasets are composed of a single batch. Just pushed a fix now, problem should be resolved. Please git pull and try again.\n \t\t"}, "comments_6": {"comment_id": 7, "comment_author": "jitunayak", "commentT": "2020-06-26T02:16:00Z", "comment_text": "\n \t\t<denchmark-link:https://github.com/glenn-jocher>@glenn-jocher</denchmark-link>\n  Confirming that resolved the issue.\n \t\t"}}}, "commit": {"commit_id": "256a3e89d2d78ab90eff44a4771de2586f62b15c", "commit_author": "Glenn Jocher", "commitT": "2020-06-25 17:52:56-07:00", "commit_complexity": {"commit_NLOC": "None", "commit_CCN": "None", "commit_Nprams": "None"}, "changed_files": {"file_0": {"file_change_type": "MODIFY", "file_Nmethod": 1, "file_old_name": "train.py", "file_new_name": "train.py", "file_complexity": {"file_NLOC": "331", "file_CCN": "65", "file_NToken": "3457"}, "hunks": {"hunk_0": {"Ismethod": 1, "added_lines": "290,291,292,293", "deleted_lines": "290,291,292,293", "method_info": {"method_name": "train", "method_params": "hyp", "method_startline": "62", "method_endline": "367", "method_complexity": {"method_NLOC": "215", "method_CCN": "65", "method_NToken": "2232", "method_nesting_level": "0"}}}}}}}}