{"BR": {"BR_id": "1466", "BR_author": "glenn-jocher", "BRopenT": "2020-11-21T11:43:52Z", "BRcloseT": "2020-12-09T01:40:50Z", "BR_text": {"BRsummary": "mAP bug at higher --conf", "BRdescription": "\n A recent modification to the PR curve in pull request <denchmark-link:https://github.com/ultralytics/yolov5/pull/1206>#1206</denchmark-link>\n  computation introduced a bug whereby mAP increases at higher --conf thresholds. This was caused by a change to the 'sentinel values' on the P and R vectors here:\n     # Append sentinel values to beginning and end\n     mrec = recall  # np.concatenate(([0.], recall, [recall[-1] + 1E-3]))\n     mpre = precision  # np.concatenate(([0.], precision, [0.]))\n The appropriate solution would be to reinstitute the old code, which drops the curves to zero after their last data point, or to interpolate it to zero at recall = 1. I'll experiment with both and implement a fix soon.\n This does not affect any operations using the default test.py --conf 0.001, so I would imagine almost no users would be impacted by this, but it needs fixing in any case.\n \t"}, "comments": {"comments_0": {"comment_id": 1, "comment_author": "glenn-jocher", "commentT": "2020-11-21T11:45:22Z", "comment_text": "\n \t\tA third option would be to extrapolate the curves to zero based on their last known derivatives. I think np.interp has an option for this baked in, could be used in conjunction with np.clip(0,1).\n \t\t"}, "comments_1": {"comment_id": 2, "comment_author": "glenn-jocher", "commentT": "2020-12-08T15:21:12Z", "comment_text": "\n \t\tUpdate on this. np.interp does not have built in extrapolation capability, we would  need to mode to scipy for that, so I think I will simply turn back the clock on the code updates introduced in PR <denchmark-link:https://github.com/ultralytics/yolov5/pull/1206>#1206</denchmark-link>\n \n \t\t"}}}, "commit": {"commit_id": "0bb43953ebc1145b8a53ce76b8c56c7d6bf4bc7a", "commit_author": "Glenn Jocher", "commitT": "2020-12-08 17:40:49-08:00", "commit_complexity": {"commit_NLOC": "None", "commit_CCN": "None", "commit_Nprams": "None"}, "changed_files": {"file_0": {"file_change_type": "MODIFY", "file_Nmethod": 1, "file_old_name": "utils\\metrics.py", "file_new_name": "utils\\metrics.py", "file_complexity": {"file_NLOC": "118", "file_CCN": "33", "file_NToken": "1538"}, "hunks": {"hunk_0": {"Ismethod": 1, "added_lines": "80,82,83,85,89,90", "deleted_lines": "80,81,83,84,86,90,91", "method_info": {"method_name": "compute_ap", "method_params": "recall,precision", "method_startline": "79", "method_endline": "104", "method_complexity": {"method_NLOC": "12", "method_CCN": "2", "method_NToken": "171", "method_nesting_level": "0"}}}}}}}}