{"BR": {"BR_id": "1542", "BR_author": "azhar-autocanvas", "BRopenT": "2020-11-27T12:27:00Z", "BRcloseT": "2020-11-29T11:01:06Z", "BR_text": {"BRsummary": "please add .strip() to remove trailing new lines caused by data preparation. All the images go to corrupted count due to this", "BRdescription": "\n \n \n \n yolov5/utils/datasets.py\n \n \n          Line 453\n       in\n       97a5227\n \n \n \n \n \n \n  l = np.array([x.split() for x in f.read().splitlines()], dtype=np.float32)  # labels \n \n \n \n \n \n \t"}, "comments": {"comments_0": {"comment_id": 1, "comment_author": "azhar-autocanvas", "commentT": "2020-11-27T12:27:45Z", "comment_text": "\n \t\tHello <denchmark-link:https://github.com/azhar-autocanvas>@azhar-autocanvas</denchmark-link>\n , thank you for your interest in  YOLOv5! Please visit our  <denchmark-link:https://github.com/ultralytics/yolov5/wiki#tutorials>Tutorials</denchmark-link>\n  to get started, where you can find quickstart guides for simple tasks like <denchmark-link:https://github.com/ultralytics/yolov5/wiki/Train-Custom-Data>Custom Data Training</denchmark-link>\n  all the way to advanced concepts like <denchmark-link:https://github.com/ultralytics/yolov5/issues/607>Hyperparameter Evolution</denchmark-link>\n .\n If this is a \ud83d\udc1b Bug Report, please provide screenshots and minimum viable code to reproduce your issue, otherwise we can not help you.\n If this is a custom training  Question, please provide as much information as possible, including dataset images, training logs, screenshots, and a public link to online <denchmark-link:https://github.com/ultralytics/yolov5/wiki/Train-Custom-Data#visualize>W&B logging</denchmark-link>\n  if available.\n For business inquiries or professional support requests please visit <denchmark-link:https://www.ultralytics.com>https://www.ultralytics.com</denchmark-link>\n  or email Glenn Jocher at <denchmark-link:mailto:glenn.jocher@ultralytics.com>glenn.jocher@ultralytics.com</denchmark-link>\n .\n <denchmark-h:h2>Requirements</denchmark-h>\n \n Python 3.8 or later with all <denchmark-link:https://github.com/ultralytics/yolov5/blob/master/requirements.txt>requirements.txt</denchmark-link>\n  dependencies installed, including . To install run:\n $ pip install -r requirements.txt\n <denchmark-h:h2>Environments</denchmark-h>\n \n YOLOv5 may be run in any of the following up-to-date verified environments (with all dependencies including <denchmark-link:https://developer.nvidia.com/cuda>CUDA</denchmark-link>\n /<denchmark-link:https://developer.nvidia.com/cudnn>CUDNN</denchmark-link>\n , <denchmark-link:https://www.python.org/>Python</denchmark-link>\n  and <denchmark-link:https://pytorch.org/>PyTorch</denchmark-link>\n  preinstalled):\n \n Google Colab Notebook with free GPU: \n Kaggle Notebook with free GPU: https://www.kaggle.com/ultralytics/yolov5\n Google Cloud Deep Learning VM. See GCP Quickstart Guide\n Docker Image https://hub.docker.com/r/ultralytics/yolov5. See Docker Quickstart Guide \n \n <denchmark-h:h2>Status</denchmark-h>\n \n <denchmark-link:https://github.com/ultralytics/yolov5/workflows/CI%20CPU%20testing/badge.svg></denchmark-link>\n \n If this badge is green, all <denchmark-link:https://github.com/ultralytics/yolov5/actions>YOLOv5 GitHub Actions</denchmark-link>\n  Continuous Integration (CI) tests are currently passing. CI tests verify correct operation of YOLOv5 training (<denchmark-link:https://github.com/ultralytics/yolov5/blob/master/train.py>train.py</denchmark-link>\n ), testing (<denchmark-link:https://github.com/ultralytics/yolov5/blob/master/test.py>test.py</denchmark-link>\n ), inference (<denchmark-link:https://github.com/ultralytics/yolov5/blob/master/detect.py>detect.py</denchmark-link>\n ) and export (<denchmark-link:https://github.com/ultralytics/yolov5/blob/master/models/export.py>export.py</denchmark-link>\n ) on MacOS, Windows, and Ubuntu every 24 hours and on every commit.\n \t\t"}, "comments_1": {"comment_id": 2, "comment_author": "azhar-autocanvas", "commentT": "2020-11-27T12:32:30Z", "comment_text": "\n \t\t<denchmark-link:https://github.com/azhar-autocanvas>@azhar-autocanvas</denchmark-link>\n  hi thanks for the suggestion. Can you please submit a PR with your recommended changes? Thank you!\n \t\t"}, "comments_2": {"comment_id": 3, "comment_author": "azhar-autocanvas", "commentT": "2020-11-29T11:01:06Z", "comment_text": "\n \t\t<denchmark-link:https://github.com/azhar-autocanvas>@azhar-autocanvas</denchmark-link>\n  this suggestion has been implemented in PR <denchmark-link:https://github.com/ultralytics/yolov5/pull/1551>#1551</denchmark-link>\n .\n Thank you for your contributions!\n \t\t"}}}, "commit": {"commit_id": "cff9263490fbf4b80dcc2d87914e087e6c07b6a0", "commit_author": "Glenn Jocher", "commitT": "2020-11-29 11:59:52+01:00", "commit_complexity": {"commit_NLOC": "None", "commit_CCN": "None", "commit_Nprams": "None"}, "changed_files": {"file_0": {"file_change_type": "MODIFY", "file_Nmethod": 2, "file_old_name": "utils\\datasets.py", "file_new_name": "utils\\datasets.py", "file_complexity": {"file_NLOC": "651", "file_CCN": "141", "file_NToken": "7531"}, "hunks": {"hunk_0": {"Ismethod": 1, "added_lines": "453", "deleted_lines": "453", "method_info": {"method_name": "cache_labels", "method_params": "self,path", "method_startline": "436", "method_endline": "480", "method_complexity": {"method_NLOC": "38", "method_CCN": "7", "method_NToken": "388", "method_nesting_level": "1"}}}, "hunk_1": {"Ismethod": 1, "added_lines": "900", "deleted_lines": "900", "method_info": {"method_name": "extract_boxes", "method_params": "path", "method_startline": "883", "method_endline": "915", "method_complexity": {"method_NLOC": "24", "method_CCN": "8", "method_NToken": "374", "method_nesting_level": "0"}}}}}}}}