{"BR": {"BR_id": "822", "BR_author": "WillieMaddox", "BRopenT": "2020-08-23T04:43:28Z", "BRcloseT": "2020-08-25T20:01:18Z", "BR_text": {"BRsummary": "utils.general.init_seeds() raises RecursionError", "BRdescription": "\n <denchmark-h:h2>\ud83d\udc1b Bug</denchmark-h>\n \n utils.general.init_seeds() raises RecursionError\n <denchmark-h:h2>To Reproduce</denchmark-h>\n \n Input:\n <denchmark-code>from utils.general import init_seeds\n \n init_seeds()\n </denchmark-code>\n \n Output:\n <denchmark-code>RecursionError                            Traceback (most recent call last)\n <ipython-input-2-f6caabb30a03> in <module>\n ----> 1 init_seeds()\n \n ~/git/yolov5/utils/general.py in init_seeds(seed)\n      57     random.seed(seed)\n      58     np.random.seed(seed)\n ---> 59     init_seeds(seed=seed)\n      60 \n      61 \n \n ... last 1 frames repeated, from the frame below ...\n \n ~/git/yolov5/utils/general.py in init_seeds(seed)\n      57     random.seed(seed)\n      58     np.random.seed(seed)\n ---> 59     init_seeds(seed=seed)\n      60 \n      61 \n \n RecursionError: maximum recursion depth exceeded while calling a Python object\n </denchmark-code>\n \n <denchmark-h:h2>Environment</denchmark-h>\n \n \n OS: Ubuntu 16.04\n GPU: 1080 Ti\n \n \t"}, "comments": {"comments_0": {"comment_id": 1, "comment_author": "WillieMaddox", "commentT": "2020-08-23T04:44:03Z", "comment_text": "\n \t\tHello <denchmark-link:https://github.com/WillieMaddox>@WillieMaddox</denchmark-link>\n , thank you for your interest in our work! Please visit our <denchmark-link:https://github.com/ultralytics/yolov5/wiki/Train-Custom-Data>Custom Training Tutorial</denchmark-link>\n  to get started, and see our <denchmark-link:https://github.com/ultralytics/yolov5/blob/master/tutorial.ipynb>Jupyter Notebook</denchmark-link>\n  <denchmark-link:https://colab.research.google.com/github/ultralytics/yolov5/blob/master/tutorial.ipynb></denchmark-link>\n , <denchmark-link:https://hub.docker.com/r/ultralytics/yolov5>Docker Image</denchmark-link>\n , and <denchmark-link:https://github.com/ultralytics/yolov5/wiki/GCP-Quickstart>Google Cloud Quickstart Guide</denchmark-link>\n  for example environments.\n If this is a bug report, please provide screenshots and minimum viable code to reproduce your issue, otherwise we can not help you.\n If this is a custom model or data training question, please note Ultralytics does not provide free personal support. As a leader in vision ML and AI, we do offer professional consulting, from simple expert advice up to delivery of fully customized, end-to-end production solutions for our clients, such as:\n \n Cloud-based AI systems operating on hundreds of HD video streams in realtime.\n Edge AI integrated into custom iOS and Android apps for realtime 30 FPS video inference.\n Custom data training, hyperparameter evolution, and model exportation to any destination.\n \n For more information please visit <denchmark-link:https://www.ultralytics.com>https://www.ultralytics.com</denchmark-link>\n .\n \t\t"}}}, "commit": {"commit_id": "455f7b8f76eb64655868d441f72ed02651031084", "commit_author": "Willie Maddox", "commitT": "2020-08-25 13:01:17-07:00", "commit_complexity": {"commit_NLOC": "None", "commit_CCN": "None", "commit_Nprams": "None"}, "changed_files": {"file_0": {"file_change_type": "MODIFY", "file_Nmethod": 1, "file_old_name": "utils\\general.py", "file_new_name": "utils\\general.py", "file_complexity": {"file_NLOC": "838", "file_CCN": "204", "file_NToken": "10819"}, "hunks": {"hunk_0": {"Ismethod": 1, "added_lines": "59", "deleted_lines": "58", "method_info": {"method_name": "init_seeds", "method_params": "seed", "method_startline": "56", "method_endline": "59", "method_complexity": {"method_NLOC": "4", "method_CCN": "1", "method_NToken": "27", "method_nesting_level": "0"}}}}}}}}